-- MySQL dump 10.13  Distrib 5.7.23, for Linux (x86_64)
--
-- Host: localhost    Database: stu
-- ------------------------------------------------------
-- Server version	5.7.23

/*!40101 SET @OLD_CHARACTER_SET_CLIENT=@@CHARACTER_SET_CLIENT */;
/*!40101 SET @OLD_CHARACTER_SET_RESULTS=@@CHARACTER_SET_RESULTS */;
/*!40101 SET @OLD_COLLATION_CONNECTION=@@COLLATION_CONNECTION */;
/*!40101 SET NAMES utf8 */;
/*!40103 SET @OLD_TIME_ZONE=@@TIME_ZONE */;
/*!40103 SET TIME_ZONE='+00:00' */;
/*!40014 SET @OLD_UNIQUE_CHECKS=@@UNIQUE_CHECKS, UNIQUE_CHECKS=0 */;
/*!40014 SET @OLD_FOREIGN_KEY_CHECKS=@@FOREIGN_KEY_CHECKS, FOREIGN_KEY_CHECKS=0 */;
/*!40101 SET @OLD_SQL_MODE=@@SQL_MODE, SQL_MODE='NO_AUTO_VALUE_ON_ZERO' */;
/*!40111 SET @OLD_SQL_NOTES=@@SQL_NOTES, SQL_NOTES=0 */;

--
-- Table structure for table `athlete`
--

DROP TABLE IF EXISTS `athlete`;
/*!40101 SET @saved_cs_client     = @@character_set_client */;
/*!40101 SET character_set_client = utf8 */;
CREATE TABLE `athlete` (
  `id` int(11) NOT NULL AUTO_INCREMENT,
  `name` varchar(30) DEFAULT NULL,
  `age` tinyint(4) NOT NULL,
  `country` varchar(30) NOT NULL,
  `description` varchar(30) DEFAULT NULL,
  PRIMARY KEY (`id`)
) ENGINE=InnoDB DEFAULT CHARSET=utf8;
/*!40101 SET character_set_client = @saved_cs_client */;

--
-- Dumping data for table `athlete`
--

LOCK TABLES `athlete` WRITE;
/*!40000 ALTER TABLE `athlete` DISABLE KEYS */;
/*!40000 ALTER TABLE `athlete` ENABLE KEYS */;
UNLOCK TABLES;

--
-- Table structure for table `athlete_item`
--

DROP TABLE IF EXISTS `athlete_item`;
/*!40101 SET @saved_cs_client     = @@character_set_client */;
/*!40101 SET character_set_client = utf8 */;
CREATE TABLE `athlete_item` (
  `aid` int(11) NOT NULL,
  `tid` int(11) NOT NULL,
  PRIMARY KEY (`aid`,`tid`),
  KEY `item_fk` (`tid`),
  CONSTRAINT `athlete_fk` FOREIGN KEY (`aid`) REFERENCES `athlete` (`id`),
  CONSTRAINT `item_fk` FOREIGN KEY (`tid`) REFERENCES `item` (`id`)
) ENGINE=InnoDB DEFAULT CHARSET=utf8;
/*!40101 SET character_set_client = @saved_cs_client */;

--
-- Dumping data for table `athlete_item`
--

LOCK TABLES `athlete_item` WRITE;
/*!40000 ALTER TABLE `athlete_item` DISABLE KEYS */;
/*!40000 ALTER TABLE `athlete_item` ENABLE KEYS */;
UNLOCK TABLES;

--
-- Table structure for table `class`
--

DROP TABLE IF EXISTS `class`;
/*!40101 SET @saved_cs_client     = @@character_set_client */;
/*!40101 SET character_set_client = utf8 */;
CREATE TABLE `class` (
  `cid` int(11) NOT NULL AUTO_INCREMENT,
  `caption` char(4) NOT NULL,
  PRIMARY KEY (`cid`)
) ENGINE=InnoDB AUTO_INCREMENT=4 DEFAULT CHARSET=utf8;
/*!40101 SET character_set_client = @saved_cs_client */;

--
-- Dumping data for table `class`
--

LOCK TABLES `class` WRITE;
/*!40000 ALTER TABLE `class` DISABLE KEYS */;
INSERT INTO `class` VALUES (1,'三年二班'),(2,'三年三班'),(3,'三年一班');
/*!40000 ALTER TABLE `class` ENABLE KEYS */;
UNLOCK TABLES;

--
-- Table structure for table `cls`
--

DROP TABLE IF EXISTS `cls`;
/*!40101 SET @saved_cs_client     = @@character_set_client */;
/*!40101 SET character_set_client = utf8 */;
CREATE TABLE `cls` (
  `id` int(11) NOT NULL AUTO_INCREMENT,
  `name` varchar(30) NOT NULL,
  `age` tinyint(3) unsigned NOT NULL,
  `sex` enum('m','w','o') DEFAULT NULL,
  `score` float DEFAULT '0',
  PRIMARY KEY (`id`)
) ENGINE=InnoDB AUTO_INCREMENT=9 DEFAULT CHARSET=utf8;
/*!40101 SET character_set_client = @saved_cs_client */;

--
-- Dumping data for table `cls`
--

LOCK TABLES `cls` WRITE;
/*!40000 ALTER TABLE `cls` DISABLE KEYS */;
INSERT INTO `cls` VALUES (1,'Abby',17,'w',98),(3,'Alex',18,'m',84.5),(4,'Emma',17,'w',91),(5,'Ble',20,NULL,96),(6,'Joy',19,'m',63),(7,'Joy',17,'m',74),(8,'Lily',19,'m',80);
/*!40000 ALTER TABLE `cls` ENABLE KEYS */;
UNLOCK TABLES;

--
-- Table structure for table `course`
--

DROP TABLE IF EXISTS `course`;
/*!40101 SET @saved_cs_client     = @@character_set_client */;
/*!40101 SET character_set_client = utf8 */;
CREATE TABLE `course` (
  `cid` int(11) NOT NULL AUTO_INCREMENT,
  `cname` varchar(16) NOT NULL,
  `teacher_id` int(11) DEFAULT NULL,
  PRIMARY KEY (`cid`),
  KEY `teacher_id` (`teacher_id`),
  CONSTRAINT `course_ibfk_1` FOREIGN KEY (`teacher_id`) REFERENCES `teacher` (`tid`) ON DELETE CASCADE ON UPDATE CASCADE
) ENGINE=InnoDB AUTO_INCREMENT=4 DEFAULT CHARSET=utf8;
/*!40101 SET character_set_client = @saved_cs_client */;

--
-- Dumping data for table `course`
--

LOCK TABLES `course` WRITE;
/*!40000 ALTER TABLE `course` DISABLE KEYS */;
INSERT INTO `course` VALUES (1,'生物',1),(2,'体育',1),(3,'物理',2);
/*!40000 ALTER TABLE `course` ENABLE KEYS */;
UNLOCK TABLES;

--
-- Table structure for table `dept`
--

DROP TABLE IF EXISTS `dept`;
/*!40101 SET @saved_cs_client     = @@character_set_client */;
/*!40101 SET character_set_client = utf8 */;
CREATE TABLE `dept` (
  `id` int(11) NOT NULL AUTO_INCREMENT,
  `dname` varchar(50) NOT NULL,
  PRIMARY KEY (`id`)
) ENGINE=InnoDB AUTO_INCREMENT=6 DEFAULT CHARSET=utf8;
/*!40101 SET character_set_client = @saved_cs_client */;

--
-- Dumping data for table `dept`
--

LOCK TABLES `dept` WRITE;
/*!40000 ALTER TABLE `dept` DISABLE KEYS */;
INSERT INTO `dept` VALUES (1,'技术部'),(2,'财务部'),(3,'销售部'),(4,'行政部'),(5,'市场部');
/*!40000 ALTER TABLE `dept` ENABLE KEYS */;
UNLOCK TABLES;

--
-- Table structure for table `good_student`
--

DROP TABLE IF EXISTS `good_student`;
/*!40101 SET @saved_cs_client     = @@character_set_client */;
/*!40101 SET character_set_client = utf8 */;
CREATE TABLE `good_student` (
  `id` int(11) NOT NULL DEFAULT '0',
  `name` varchar(30) NOT NULL,
  `age` tinyint(3) unsigned NOT NULL,
  `sex` enum('m','w','o') DEFAULT NULL,
  `score` float DEFAULT '0',
  PRIMARY KEY (`id`)
) ENGINE=InnoDB DEFAULT CHARSET=utf8;
/*!40101 SET character_set_client = @saved_cs_client */;

--
-- Dumping data for table `good_student`
--

LOCK TABLES `good_student` WRITE;
/*!40000 ALTER TABLE `good_student` DISABLE KEYS */;
INSERT INTO `good_student` VALUES (1,'Abby',17,'w',98),(4,'Emma',17,'w',91),(5,'Ble',20,NULL,96);
/*!40000 ALTER TABLE `good_student` ENABLE KEYS */;
UNLOCK TABLES;

--
-- Table structure for table `interest`
--

DROP TABLE IF EXISTS `interest`;
/*!40101 SET @saved_cs_client     = @@character_set_client */;
/*!40101 SET character_set_client = utf8 */;
CREATE TABLE `interest` (
  `id` int(11) NOT NULL AUTO_INCREMENT,
  `name` varchar(30) NOT NULL,
  `hobby` set('sing','draw','dance') DEFAULT NULL,
  `price` decimal(7,2) DEFAULT NULL,
  `phone` char(16) DEFAULT NULL,
  `remark` text,
  PRIMARY KEY (`id`)
) ENGINE=InnoDB AUTO_INCREMENT=2 DEFAULT CHARSET=utf8;
/*!40101 SET character_set_client = @saved_cs_client */;

--
-- Dumping data for table `interest`
--

LOCK TABLES `interest` WRITE;
/*!40000 ALTER TABLE `interest` DISABLE KEYS */;
INSERT INTO `interest` VALUES (1,'Lily','sing,dance',16800.00,NULL,'骨骼惊奇练舞奇才');
/*!40000 ALTER TABLE `interest` ENABLE KEYS */;
UNLOCK TABLES;

--
-- Table structure for table `item`
--

DROP TABLE IF EXISTS `item`;
/*!40101 SET @saved_cs_client     = @@character_set_client */;
/*!40101 SET character_set_client = utf8 */;
CREATE TABLE `item` (
  `id` int(11) NOT NULL AUTO_INCREMENT,
  `rname` varchar(30) NOT NULL,
  PRIMARY KEY (`id`)
) ENGINE=InnoDB DEFAULT CHARSET=utf8;
/*!40101 SET character_set_client = @saved_cs_client */;

--
-- Dumping data for table `item`
--

LOCK TABLES `item` WRITE;
/*!40000 ALTER TABLE `item` DISABLE KEYS */;
/*!40000 ALTER TABLE `item` ENABLE KEYS */;
UNLOCK TABLES;

--
-- Table structure for table `marathon`
--

DROP TABLE IF EXISTS `marathon`;
/*!40101 SET @saved_cs_client     = @@character_set_client */;
/*!40101 SET character_set_client = utf8 */;
CREATE TABLE `marathon` (
  `id` int(11) NOT NULL AUTO_INCREMENT,
  `athlete` varchar(32) DEFAULT NULL,
  `birthday` date DEFAULT NULL,
  `registration_time` datetime DEFAULT NULL,
  `performance` time DEFAULT NULL,
  PRIMARY KEY (`id`)
) ENGINE=InnoDB AUTO_INCREMENT=4 DEFAULT CHARSET=utf8;
/*!40101 SET character_set_client = @saved_cs_client */;

--
-- Dumping data for table `marathon`
--

LOCK TABLES `marathon` WRITE;
/*!40000 ALTER TABLE `marathon` DISABLE KEYS */;
INSERT INTO `marathon` VALUES (1,'尼古拉斯','1996-10-12','2019-12-12 19:20:03','02:18:54'),(2,'曹操','2000-01-01','2020-01-01 15:15:25','02:10:13'),(3,'爱丽丝','2000-02-29','2020-01-01 15:15:25','02:10:13');
/*!40000 ALTER TABLE `marathon` ENABLE KEYS */;
UNLOCK TABLES;

--
-- Table structure for table `person`
--

DROP TABLE IF EXISTS `person`;
/*!40101 SET @saved_cs_client     = @@character_set_client */;
/*!40101 SET character_set_client = utf8 */;
CREATE TABLE `person` (
  `id` int(11) NOT NULL AUTO_INCREMENT,
  `name` varchar(32) NOT NULL,
  `age` tinyint(4) DEFAULT '0',
  `sex` enum('m','w','o') DEFAULT 'o',
  `salary` decimal(8,2) DEFAULT '250.00',
  `hire_date` date NOT NULL,
  `dept_id` int(11) DEFAULT NULL,
  PRIMARY KEY (`id`),
  KEY `dept_fk` (`dept_id`),
  CONSTRAINT `dept_fk` FOREIGN KEY (`dept_id`) REFERENCES `dept` (`id`) ON DELETE CASCADE ON UPDATE CASCADE
) ENGINE=InnoDB AUTO_INCREMENT=7 DEFAULT CHARSET=utf8;
/*!40101 SET character_set_client = @saved_cs_client */;

--
-- Dumping data for table `person`
--

LOCK TABLES `person` WRITE;
/*!40000 ALTER TABLE `person` DISABLE KEYS */;
INSERT INTO `person` VALUES (1,'Lily',29,'w',20000.00,'2017-04-03',2),(2,'Tom',27,'m',16000.00,'2019-10-03',1),(3,'Joy',30,'m',28000.00,'2016-04-03',1),(4,'Emma',25,'w',8000.00,'2019-05-08',4),(5,'Abby',28,'w',17000.00,'2018-11-03',3),(6,'Jame',32,'m',22000.00,'2017-04-07',3);
/*!40000 ALTER TABLE `person` ENABLE KEYS */;
UNLOCK TABLES;

--
-- Table structure for table `sanguo`
--

DROP TABLE IF EXISTS `sanguo`;
/*!40101 SET @saved_cs_client     = @@character_set_client */;
/*!40101 SET character_set_client = utf8 */;
CREATE TABLE `sanguo` (
  `id` int(11) NOT NULL AUTO_INCREMENT,
  `name` varchar(30) DEFAULT NULL,
  `gender` enum('男','女') DEFAULT NULL,
  `country` enum('魏','蜀','吴') DEFAULT NULL,
  `attack` smallint(6) DEFAULT NULL,
  `defense` tinyint(4) DEFAULT NULL,
  PRIMARY KEY (`id`)
) ENGINE=InnoDB AUTO_INCREMENT=14 DEFAULT CHARSET=utf8;
/*!40101 SET character_set_client = @saved_cs_client */;

--
-- Dumping data for table `sanguo`
--

LOCK TABLES `sanguo` WRITE;
/*!40000 ALTER TABLE `sanguo` DISABLE KEYS */;
INSERT INTO `sanguo` VALUES (1,'曹操','男','魏',256,63),(2,'张辽','男','魏',328,69),(3,'甄姬','女','魏',168,34),(4,'夏侯渊','男','魏',366,83),(5,'刘备','男','蜀',220,59),(6,'诸葛亮','男','蜀',170,54),(7,'赵云','男','蜀',360,70),(8,'张飞','男','蜀',370,80),(9,'孙尚香','女','蜀',249,62),(10,'大乔','女','吴',190,44),(11,'小乔','女','吴',188,39),(12,'周瑜','男','吴',300,60),(13,'吕蒙','男','吴',300,71);
/*!40000 ALTER TABLE `sanguo` ENABLE KEYS */;
UNLOCK TABLES;

--
-- Table structure for table `score`
--

DROP TABLE IF EXISTS `score`;
/*!40101 SET @saved_cs_client     = @@character_set_client */;
/*!40101 SET character_set_client = utf8 */;
CREATE TABLE `score` (
  `sid` int(11) NOT NULL AUTO_INCREMENT,
  `student_id` int(11) DEFAULT NULL,
  `course_id` int(11) DEFAULT NULL,
  `number` int(3) NOT NULL,
  PRIMARY KEY (`sid`),
  KEY `student_id` (`student_id`),
  KEY `course_id` (`course_id`),
  CONSTRAINT `score_ibfk_1` FOREIGN KEY (`student_id`) REFERENCES `student` (`sid`) ON DELETE CASCADE ON UPDATE CASCADE,
  CONSTRAINT `score_ibfk_2` FOREIGN KEY (`course_id`) REFERENCES `course` (`cid`) ON DELETE CASCADE ON UPDATE CASCADE
) ENGINE=InnoDB AUTO_INCREMENT=6 DEFAULT CHARSET=utf8;
/*!40101 SET character_set_client = @saved_cs_client */;

--
-- Dumping data for table `score`
--

LOCK TABLES `score` WRITE;
/*!40000 ALTER TABLE `score` DISABLE KEYS */;
INSERT INTO `score` VALUES (1,1,1,60),(2,1,2,59),(3,2,2,100),(4,3,2,78),(5,4,3,66);
/*!40000 ALTER TABLE `score` ENABLE KEYS */;
UNLOCK TABLES;

--
-- Table structure for table `student`
--

DROP TABLE IF EXISTS `student`;
/*!40101 SET @saved_cs_client     = @@character_set_client */;
/*!40101 SET character_set_client = utf8 */;
CREATE TABLE `student` (
  `sid` int(11) NOT NULL AUTO_INCREMENT,
  `sname` varchar(32) NOT NULL,
  `gender` enum('male','female','others') NOT NULL DEFAULT 'male',
  `class_id` int(11) DEFAULT NULL,
  PRIMARY KEY (`sid`),
  KEY `class_id` (`class_id`),
  CONSTRAINT `student_ibfk_1` FOREIGN KEY (`class_id`) REFERENCES `class` (`cid`) ON DELETE CASCADE ON UPDATE CASCADE
) ENGINE=InnoDB AUTO_INCREMENT=5 DEFAULT CHARSET=utf8;
/*!40101 SET character_set_client = @saved_cs_client */;

--
-- Dumping data for table `student`
--

LOCK TABLES `student` WRITE;
/*!40000 ALTER TABLE `student` DISABLE KEYS */;
INSERT INTO `student` VALUES (1,'钢蛋','female',1),(2,'铁锤','female',1),(3,'山炮','male',2),(4,'彪哥','male',3);
/*!40000 ALTER TABLE `student` ENABLE KEYS */;
UNLOCK TABLES;

--
-- Table structure for table `teacher`
--

DROP TABLE IF EXISTS `teacher`;
/*!40101 SET @saved_cs_client     = @@character_set_client */;
/*!40101 SET character_set_client = utf8 */;
CREATE TABLE `teacher` (
  `tid` int(11) NOT NULL AUTO_INCREMENT,
  `tname` varchar(32) NOT NULL,
  PRIMARY KEY (`tid`)
) ENGINE=InnoDB AUTO_INCREMENT=4 DEFAULT CHARSET=utf8;
/*!40101 SET character_set_client = @saved_cs_client */;

--
-- Dumping data for table `teacher`
--

LOCK TABLES `teacher` WRITE;
/*!40000 ALTER TABLE `teacher` DISABLE KEYS */;
INSERT INTO `teacher` VALUES (1,'波多老师'),(2,'苍老师'),(3,'小泽老师');
/*!40000 ALTER TABLE `teacher` ENABLE KEYS */;
UNLOCK TABLES;
/*!40103 SET TIME_ZONE=@OLD_TIME_ZONE */;

/*!40101 SET SQL_MODE=@OLD_SQL_MODE */;
/*!40014 SET FOREIGN_KEY_CHECKS=@OLD_FOREIGN_KEY_CHECKS */;
/*!40014 SET UNIQUE_CHECKS=@OLD_UNIQUE_CHECKS */;
/*!40101 SET CHARACTER_SET_CLIENT=@OLD_CHARACTER_SET_CLIENT */;
/*!40101 SET CHARACTER_SET_RESULTS=@OLD_CHARACTER_SET_RESULTS */;
/*!40101 SET COLLATION_CONNECTION=@OLD_COLLATION_CONNECTION */;
/*!40111 SET SQL_NOTES=@OLD_SQL_NOTES */;

-- Dump completed on 2020-04-07 14:51:22
